experiment,date,sample,cohort,group,drug,age _wks,spleen_mg,wound,perNP_m_nv,perMO_m_nv,perB_m_nv,perT_m_nv,perDC_m_nv,NP_m_nv,MO_m_nv,B_m_nv,T_m_nv,DC_m_nv,perNP_m_iv,perMO_m_iv,perB_m_iv,perT_m_iv,perDC_m_iv,NP_m_iv,MO_m_iv,B_m_iv,T_m_iv,DC_m_iv,perNP_b,perMO_b,perB_b,perT_b,perDC_b,NP_ul_b,MO_ul_b,B_ul_b,T_ul_b,DC_ul_b,OF_cross_05,OF_cross_610,OF_cross_010,OF_time_05,OF_time_610,OF_time_010,OF_m_05,OF_m_610,OF_m_010,OF_feces,LF_time,LD_cross,SI_approach_05,SI_approach_610,SI_approach_010,SI_05,SI_610,SI_010,SI_social_05,SI_social_610,SI_social_010,SI_nonsocial_05,SI_nonsocial_610,SI_nonsocial_010,USM_mark,USM_area,USM_F_area,USM_pref
NP-13,Sept - Oct 2019,1,1,HC ,,13.43,79.1,1,16.0,4.5,20.4,6.3,8.5,1528,430,1945,603,649,2.6,1.5,7.2,1.6,1.7,227,135,660,136,160,26.4,1.6,62.8,3.6,0.4,154,10,367,21,3,20,18,38,7.85,14.40,11.12,11.52,9.96,21.48,0,,,30,20,50,3.06,1.70,2.26,65.38,52.23,117.61,21.37,30.74,52.11,1,33.31,5.68,17.06
NP-13,Sept - Oct 2019,3,1,HC ,,13.43,72.2,1,18.4,4.9,18.9,7.2,8.4,2766,730,2839,1082,1023,1.8,1.9,6.6,1.6,1.6,224,261,957,198,236,8.6,1.0,77.3,7.5,0.5,17,2,154,15,1,25,29,54,17.56,16.32,16.94,15.07,12.75,27.82,0,,,17,25,42,1.80,1.38,1.57,53.46,51.14,104.6,29.65,37.01,66.66,0,0.53,0.53,0.00
NP-13,Sept - Oct 2019,5,1,HC ,,13.43,69.6,1,17.4,4.1,18.8,5.4,7.6,2483,588,2669,768,981,1.2,1.4,6.8,1.4,0.7,136,184,904,173,99,4.7,1.4,82.2,4.7,0.7,12,4,216,12,2,23,19,42,22.04,18.49,20.27,12.31,10.71,23.02,0,,,,,,,,,,,,,,,1,37.36,8.80,23.56
NP-13,Sept - Oct 2019,7,1,HC ,,13.43,66.4,1,17.6,5.0,20.6,2.6,7.3,5068,1438,5932,736,1445,3.3,1.5,5.0,1.4,2.3,882,389,1383,344,672,19.8,0.5,69.0,4.8,0.4,113,3,392,27,2,32,19,51,11.43,13.91,12.67,16.15,12.73,28.88,4,,,25,16,41,4.13,3.57,3.90,61.57,37.5,99.07,14.92,10.51,25.43,1,64.61,16.43,25.42
NP-13,Sept - Oct 2019,10,2,HC ,,14.29,70.4,1,11.8,4.0,27.3,4.4,8.8,884,296,2038,327,571,0.8,1.4,5.2,1.1,1.2,56,95,379,63,89,7.2,0.8,79.1,6.7,1.0,34,4,377,32,5,15,18,33,20.30,12.51,16.41,8.86,8.85,17.71,0,,,24,24,53,3.77,2.27,2.87,78.18,71.7,149.88,20.72,31.55,52.27,1,11.81,4.45,37.67
NP-13,Sept - Oct 2019,12,2,HC ,,14.29,80.9,1,17.7,4.7,24.1,3.2,7.1,3215,851,4371,575,1154,0.8,1.8,7.5,0.7,0.8,125,299,1317,114,140,5.5,0.6,78.3,9.3,1.0,41,5,589,70,7,18,14,32,7.85,8.59,8.22,11.25,11.87,23.12,2,,,23,31,48,4.27,3.88,4.06,60.3,58.68,118.98,14.13,15.14,29.27,0,0.68,0.68,0.00
NP-13,Sept - Oct 2019,14,2,HC ,,14.29,80.7,1,23.3,5.8,19.8,2.4,6.2,4914,1224,4177,513,1015,1.2,2.0,8.2,1.2,1.4,202,375,1684,203,289,7.0,0.7,77.2,7.2,1.1,26,2,289,27,4,14,10,24,18.63,5.14,11.89,12.32,11.12,23.44,6,,,28,25,54,1.36,3.55,2.20,50.49,81.94,132.43,37.22,23.07,60.29,1,5.21,0.50,9.66
NP-13,Sept - Oct 2019,16,2,HC ,,14.29,79.8,1,20.0,5.2,19.8,3.4,6.6,2734,710,2715,469,657,1.8,2.0,5.8,0.9,1.8,210,249,764,101,251,7.5,0.9,74.1,10.6,0.7,32,4,313,45,3,18,11,29,15.06,10.86,12.96,13.29,10.02,23.32,0,,,19,28,47,2.98,3.56,3.31,53.24,88.97,142.21,17.88,25.02,42.9,1,2.39,0.09,3.93
Exo14NP,Oct-18,2,1,HC,,10.43,74,,21.01,2.5,18.64,2.76,,,,,,,1.98,1.1,10.99,1.47,,,,,,,,,,,,,,,,,43,33,76,23.02,35.10,29.06,12.07,8.68,20.76,0,62.10,48,25,17,42,1.77,2.85,2.11,32.54,23.47,56.01,18.36,8.23,26.59,,,,
Exo14NP,Oct-18,4,1,HC,,10.43,72,,26.89,3.43,17.42,2.54,,,,,,,2.39,1.03,8.42,1.39,,,,,,,,,,,,,,,,,28,26,54,27.39,41.77,34.58,7.53,6.62,14.16,2,74.14,37,17,20,37,3.54,1.28,2.07,51.74,34.5,86.24,14.6,27,41.6,,,,
Exo14NP,Oct-18,6,1,HC,,10.43,70,,24.27,2.72,22.39,1.98,,,,,,,2.63,0.47,9.42,1.09,,,,,,,,,,,,,,,,,34,21,55,14.62,16.75,15.69,10.88,8.41,19.29,0,63.20,59,21,39,60,1.07,1.79,1.46,32.79,65.85,98.64,30.68,36.85,67.53,,,,
Exo14NP,Oct-18,10,2,HC,,11.00,71,,26.16,1.59,21.12,1.54,,,,,,,1.99,0.37,8.20,1.72,,,,,,,,,,,,,,,,,37,32,69,20.81,21.08,20.94,10.71,9.04,19.75,3,57.06,78,26,14,40,1.10,0.79,0.88,44.34,79.5,123.84,40.37,100.53,140.9,,,,
Exo14NP,Oct-18,12,2,HC,,11.00,84,,25.86,1.65,17.65,2.87,,,,,,,1.26,0.31,7.04,0.94,,,,,,,,,,,,,,,,,37,31,68,37.11,28.01,32.56,9.46,6.69,16.15,1,53.30,45,24,27,51,4.22,4.64,4.47,41.86,65.22,107.08,9.91,14.06,23.97,,,,
NP-1,Nov 2018 - Jan 2019,29,4,HC,,,66,1,28.87,5.92,30.15,1.82,3.91,,,,,,0.34,0.30,2.77,0.10,0.17,,,,,,8.34,0.81,72.18,7.54,0.84,,,,,,,,,,,,,,,,,,2,8,10,0.17,0.73,0.45,1.74,7.3,9.04,10.04,9.97,20.01,0,,,
NP-1,Nov 2018 - Jan 2019,30,4,HC,,,55,1,23.71,6.00,28.46,1.52,4.58,,,,,,0.26,0.34,4.06,0.06,0.15,,,,,,4.36,0.59,74.79,9.35,0.64,,,,,,,,,,,,,,,,,,22,18,40,1.61,6.31,3.16,34.23,65.89,100.12,21.27,10.44,31.71,1,,,
NP-1,Nov 2018 - Jan 2019,31,4,HC,,,70,1,22.84,5.22,27.45,1.64,5.43,,,,,,0.40,0.35,2.69,0.10,0.23,,,,,,4.65,0.65,73.98,9.84,0.36,,,,,,,,,,,,,,,,,,16,13,29,1.58,2.32,1.91,28.17,33.33,61.5,17.87,14.34,32.21,1,,,
NP-1,Nov 2018 - Jan 2019,32,4,HC,,,71,1,29.25,6.19,27.58,1.32,3.80,,,,,,0.43,0.40,3.02,0.10,0.40,,,,,,4.95,1.03,70.69,10.44,0.88,,,,,,,,,,,,,,,,,,32,32,64,3.31,3.88,3.56,61.76,54.99,116.75,18.65,14.18,32.83,1,,,
NP-1,Nov 2018 - Jan 2019,33,4,HC,,,70,1,25.13,5.57,24.72,3.07,5.49,,,,,,0.47,0.58,4.51,0.11,0.18,,,,,,1.87,0.82,84.87,4.45,1.04,,,,,,,,,,,,,,,,,,13,16,29,1.38,1.46,1.43,16.76,23.47,40.23,12.16,16.03,28.19,0,,,
NP-1,Nov 2018 - Jan 2019,34,4,HC,,,46,1,22.40,4.49,27.37,2.48,4.09,,,,,,0.37,0.40,3.60,0.12,0.30,,,,,,5.65,1.30,75.49,6.44,1.21,,,,,,,,,,,,,,,,,,17,28,45,1.93,7.14,4.11,25.79,68.93,94.72,13.38,9.66,23.04,0,,,
NP-1,Nov 2018 - Jan 2019,35,4,HC,,,85,1,33.11,7.31,26.00,1.42,4.36,,,,,,0.50,0.56,2.81,0.06,0.23,,,,,,13.63,0.89,70.96,6.01,1.04,,,,,,,,,,,,,,,,,,21,16,37,2.02,1.82,1.93,44.56,35.93,80.49,22.06,19.73,41.79,0,,,
NP-1,Nov 2018 - Jan 2019,36,4,HC,,,64,1,28.75,6.51,25.93,2.57,3.99,,,,,,0.49,0.41,2.64,0.19,0.36,,,,,,9.14,0.38,69.33,6.03,1.63,,,,,,,,,,,,,,,,,,15,21,36,1.66,1.07,1.24,27.73,42.32,70.05,16.69,39.6,56.29,0,,,
NP-3,Jan - Feb 2019,2,1,HC,,,80,1,26.19,4.06,23.41,3.93,7.67,,,,,,0.17,0.15,3.09,0.10,0.32,,,,,,8.55,0.99,50.78,22.30,0.92,,,,,,,,,,,,,,,,58.07,44,26,26,52,2.16,3.05,2.61,40.43,57.55,97.98,18.71,18.86,37.57,,,,
NP-3,Jan - Feb 2019,4,1,HC,,,93,1,31.75,6.38,22.87,4.66,7.35,,,,,,0.14,0.15,2.68,0.18,0.34,,,,,,8.03,0.53,58.97,20.47,1.08,,,,,,,,,,,,,,,,44.75,55,25,20,45,1.98,1.30,1.52,38.8,51.93,90.73,19.57,40.04,59.61,,,,
NP-3,Nov - Dec 2019,7,3,HC,,,74,1,15.40,7.08,14.00,8.13,8.03,,,,,,3.42,0.84,2.37,1.31,2.18,,,,,,67.20,0.26,14.50,10.50,0.10,,,,,,,,,,,,,,,,41.21,39,,,,,,,,,,,,,,,,
NP-3,Nov - Dec 2019,9,3,HC,,,53,1,17.90,8.04,21.60,6.37,7.70,,,,,,1.64,1.06,2.78,0.90,1.80,,,,,,34.50,0.22,32.40,22.60,0.23,,,,,,,,,,,,,,,,52.42,33,,,,,,,,,,,,,,,,
NP-3,Nov - Dec 2019,11,4,HC,,,87,1,22.00,7.36,16.50,0.33,10.10,,,,,,1.95,1.51,5.91,0.03,0.87,,,,,,10.30,2.10,55.70,0.01,0.44,,,,,,,,,,,,,,,,53.57,51,,,,,,,,,,,,,,,,
NP-3,Nov - Dec 2019,13,4,HC,,,75,1,28.20,9.32,16.70,0.26,7.47,,,,,,0.73,1.10,2.73,0.06,0.82,,,,,,13.90,1.24,47.20,0.05,1.67,,,,,,,,,,,,,,,,49.37,45,,,,,,,,,,,,,,,,
NP-4,Feb - Mar 2019,4,1,HC,Vehicle,,65,1,22.27,5.97,28.88,3.36,4.57,,,,,,0.75,0.21,2.44,0.24,0.78,,,,,,43.42,0.31,44.06,6.04,1.02,,,,,,15,14,29,18.27,10.73,14.50,6.31,7.30,13.61,,46.91,54,30,28,58,1.87,5.19,2.98,61.23,85.91,147.14,32.83,16.56,49.39,1,,,
NP-4,Feb - Mar 2019,8,1,HC,Vehicle,,66,1,27.92,7.48,30.92,3.41,2.46,,,,,,0.30,0.17,3.64,0.19,0.30,,,,,,9.25,0.13,76.52,7.99,0.95,,,,,,18,26,44,12.49,20.92,16.71,6.93,6.96,13.90,,48.44,52,18,24,42,1.64,1.15,1.33,41.34,49,90.34,25.18,42.77,67.95,1,,,
NP-4,Feb - Mar 2019,9,3,HC,Vehicle,,76,1,31.74,7.04,25.21,4.40,3.87,,,,,,0.40,0.38,3.02,0.41,1.08,,,,,,7.16,0.43,75.35,9.24,2.18,5,0,51,6,1,28,23,51,13.83,20.32,17.08,9.58,7.85,17.43,,40.54,50,23,23,46,1.69,3.05,2.27,55.56,74.23,129.79,32.87,24.3,57.17,,,,
NP-4,Feb - Mar 2019,13,3,HC,Vehicle,,nd,1,35.49,8.15,20.13,3.65,4.14,,,,,,0.50,0.45,3.17,0.48,1.42,,,,,,12.10,0.30,73.49,6.95,1.80,19,0,118,11,3,31,24,55,12.13,24.81,18.47,9.58,7.49,17.07,,53.03,36,20,24,44,2.13,1.58,1.78,47.33,60.44,107.77,22.19,38.24,60.43,,,,
NP-4,Nov - Dec 2019,20,4,HC,Vehicle,,70,1,28.21,9.05,28.95,1.94,2.98,,,,,,0.85,1.35,4.78,0.59,1.87,,,,,,11.54,0.84,75.94,3.31,0.69,,,,,,,,,,,,,,,,,,20,15,35,0.91,0.88,0.90,44.57,46.7,91.27,48.77,53.15,101.92,,,,
NP-4,Nov - Dec 2019,22,4,HC,Vehicle,,71,1,24.13,9.29,28.57,3.25,4.68,,,,,,0.72,1.25,4.24,0.35,0.75,,,,,,5.94,0.46,74.45,7.32,0.82,,,,,,,,,,,,,,,,,,14,17,31,0.39,0.78,0.58,23.06,41.26,64.32,58.53,52.79,111.32,,,,
NP-4,Nov - Dec 2019,26,5,HC,Vehicle,,83,1,14.34,6.07,23.69,7.44,8.49,,,,,,0.11,0.49,5.92,0.21,0.36,,,,,,3.91,0.59,76.75,12.06,1.35,,,,,,,,,,,,,,,,,,11,11,22,2.05,2.38,2.21,82.53,94.39,176.92,40.27,39.7,79.97,,,,
NP-4,Nov - Dec 2019,28,5,HC,Vehicle,,107,1,26.40,6.84,18.03,5.80,8.04,,,,,,0.16,0.72,3.99,0.24,0.70,,,,,,12.73,1.63,73.91,5.18,1.32,,,,,,,,,,,,,,,,,,21,24,45,1.56,2.42,1.99,51.04,78.3,129.34,32.74,32.34,65.08,,,,
NP-4,Nov - Dec 2019,33,6,HC,Vehicle,,81,1,22.25,4.99,23.05,4.87,9.25,,,,,,0.20,0.43,4.98,0.28,0.87,,,,,,24.09,1.75,52.39,4.73,0.84,,,,,,,,,,,,,,,,,,27,18,45,2.14,2.35,2.25,57.01,66.77,123.78,26.66,28.36,55.02,,,,
NP-4,Nov - Dec 2019,34,6,HC,Vehicle,,77,1,27.40,8.59,28.84,4.48,5.93,,,,,,0.08,0.15,2.04,0.14,0.34,,,,,,31.88,1.01,40.16,6.38,0.50,,,,,,,,,,,,,,,,,,19,24,43,1.83,1.71,1.77,50.5,58.63,109.13,27.55,34.19,61.74,,,,
NP-4,Nov - Dec 2019,42,8,HC,Vehicle,,84,1,19.52,6.16,25.94,3.49,8.18,,,,,,0.12,0.37,4.63,0.22,0.50,,,,,,6.69,0.54,75.97,9.21,1.36,18,1,208,25,4,,,,,,,,,,,,,,15,,,0.87,,,44.26,,,51.08,,,,,
NP-4,Nov - Dec 2019,43,8,HC,Vehicle,,69,1,21.34,5.80,22.20,4.74,8.73,,,,,,0.29,0.45,3.62,0.32,1.44,,,,,,7.63,0.71,75.33,8.57,1.46,20,2,202,23,4,,,,,,,,,,,,,,17,,,2.25,,,62.99,,,28.04,,,,,
NP-5,Mar-19,1,4,HC,,32.86,68,,23.50,7.34,11.58,1.08,2.19,,,,,,0.69,1.24,4.98,0.73,0.97,,,,,,9.99,1.61,62.34,8.16,0.94,,,,,,,,,,,,,,,,,,,,,,,,,,,,,,,,,
NP-5,Mar-19,2,3,HC,,12.00,73,,14.61,4.80,16.06,1.09,4.20,,,,,,2.38,1.32,4.48,1.66,1.66,,,,,,5.43,0.40,55.21,6.95,0.17,,,,,,,,,,,,,,,,,,,,,,,,,,,,,,,,,
NP-5,Mar-19,4,3,HC,,12.00,74,,7.78,3.04,12.33,0.79,4.54,,,,,,1.75,0.99,4.47,1.57,1.57,,,,,,7.92,0.57,54.12,2.32,0.23,,,,,,,,,,,,,,,,,,,,,,,,,,,,,,,,,
NP-8,Sep-19,1,1,HC,IgG,13.29,74.2,1,23.61,5.92,23.00,5.00,15.23,,,,,,1.31,0.95,6.10,0.41,0.79,,,,,,3.39,0.17,81.85,8.65,1.21,,,,,,12,15,27,8.62,12.35,10.49,9.23,8.68,17.91,6,,,21,16,37,0.99,0.50,0.70,46.57,33.74,80.31,47.05,68.03,115.08,0,0,0,0
NP-8,Sep-19,5,1,HC,IgG,13.29,80.31,1,27.58,6.67,30.69,3.37,7.46,,,,,,1.25,0.94,7.29,0.64,0.78,,,,,,2.90,0.11,80.68,10.07,1.00,,,,,,17,20,37,9.65,12.45,11.05,9.71,9.89,19.59,0,,,19,15,34,0.82,0.84,0.83,38.77,48.99,87.76,47.18,58.56,105.74,0,0,0,0
NP10,Mar-20,1,1,HC,,12.3,75.2,1,12.06,4.12,,,,,,,,,0.16,0.42,,,,,,,,,13.8,1.13,,,,,,,,,13,11,24,3.56,5.47,4.51,12.57,9.63,22.21,0,,,,,,,,,,,,,,,1,0.85,0.70,82.57
NP10,Mar-20,4,1,HC,,12.3,77.4,1,15.13,6.25,,,,,,,,,1.28,0.17,,,,,,,,,65.6,0.26,,,,,,,,,10,15,25,7.06,12.60,9.83,12.01,11.12,23.12,4,,,,,,,,,,,,,,,1,5.18,2.32,44.82
NP10,Mar-20,5,2,HC,,12.4,77.7,1,13.73,5.08,,,,,,,,,0.37,0.22,,,,,,,,,6.79,0.49,,,,,,,,,17,5,22,9.58,1.89,5.73,10.64,7.04,17.68,0,,,,,,,,,,,,,,,1,0.04,0.04,100
NP10,Mar-20,8,2,HC,,12.4,89.9,1,6.36,3.58,,,,,,,,,0.15,0.17,,,,,,,,,7.06,0.52,,,,,,,,,19,17,36,13.20,10.67,11.94,11.39,10.57,21.96,5,,,,,,,,,,,,,,,1,1.32,0.96,72.4
NP10,Mar-20,9,3,HC,,12.9,94.4,1,17.39,7.81,,,,,,,,,0.16,0.26,,,,,,,,,5.67,0.27,,,,,,,,,16,14,30,7.91,10.10,9.01,13.05,9.26,22.31,7,,,,,,,,,,,,,,,1,143.54,21.61,15.05
NP10,Mar-20,13,3,HC,,12.9,115.8,1,16.28,6.89,,,,,,,,,0.21,0.25,,,,,,,,,8.4,0.32,,,,,,,,,16,11,27,9.19,5.05,7.12,11.16,8.24,19.40,5,,,,,,,,,,,,,,,1,6.92,3.99,57.65
NP10,Mar-20,14,4,HC,,13,66,1,21.1,8.11,,,,,,,,,0.21,0.24,,,,,,,,,6.21,0.38,,,,,,,,,,,,,,,,,,,,,,,,,,,,,,,,,1,45.29,16.20,35.76
NP10,Mar-20,17,4,HC,,13,101.1,1,13.5,6.46,,,,,,,,,0.78,0.32,,,,,,,,,2.92,0.03,,,,,,,,,,,,,,,,,,,,,,,,,,,,,,,,,1,3.58,0.37,10.35
Exo14NP,Oct-18,1,1,CSD,,10.43,73,,28.65,2.29,19.84,2.49,,,,,,,2.94,0.54,7.57,0.73,,,,,,,,,,,,,,,,,16,23,39,18.93,34.66,26.80,6.19,5.88,12.07,1,59.54,24,16,6,22,1.43,0.29,0.75,26.23,8.13,34.36,18.37,27.65,46.02,,,,
Exo14NP,Oct-18,3,1,CSD,,10.43,68,,26.48,2.55,15.41,2.83,,,,,,,2.61,1.04,7.42,1.19,,,,,,,,,,,,,,,,,21,26,47,28.71,22.79,25.75,6.23,6.41,12.65,0,63.24,30,24,12,36,2.58,1.70,2.15,58.24,36.66,94.9,22.58,21.53,44.11,,,,
Exo14NP,Oct-18,5,1,CSD,,10.43,117,,56.74,6.88,6.53,0.95,,,,,,,3.41,1.5,0.79,0.38,,,,,,,,,,,,,,,,,20,22,42,24.72,29.91,27.31,5.93,5.59,11.52,0,57.15,31,15,20,35,1.50,1.29,1.39,34.72,32.18,66.9,23.22,25.04,48.26,,,,
Exo14NP,Oct-18,7,2,CSD,,11.00,205,,51.00,3.23,5.26,1.36,,,,,,,4.70,0.47,2.15,0.72,,,,,,,,,,,,,,,,,25,24,49,41.06,18.02,29.54,7.58,6.55,14.14,0,51.41,26,18,18,36,1.42,1.05,1.24,41.32,29.72,71.04,29.12,28.37,57.49,,,,
Exo14NP,Oct-18,9,2,CSD,,11.00,67,,32.08,1.93,16.78,1.17,,,,,,,3.51,0.53,6.48,1.62,,,,,,,,,,,,,,,,,26,27,53,26.63,38.74,32.69,6.37,6.17,12.54,0,61.73,38,24,19,43,1.18,1.57,1.37,41.07,54.23,95.3,34.92,34.53,69.45,,,,
Exo14NP,Oct-18,11,2,CSD,,11.00,90,,30.18,2.25,24.68,2.75,,,,,,,1.18,0.38,3.43,0.88,,,,,,,,,,,,,,,,,22,18,40,23.76,13.13,18.45,6.26,6.34,12.60,10,59.50,40,14,13,27,1.23,0.96,1.09,28.09,25.52,53.61,22.77,26.6,49.37,,,,
NP-1,Nov 2018 - Jan 2019,3,1,CSD,,,222,1,42.40,12.16,13.27,1.46,3.78,,,,,,0.50,0.43,1.36,0.21,0.78,,,,,,17.18,0.47,60.52,10.84,2.41,,,,,,,,,,,,,,,,,,16,17,33,2.30,1.61,1.92,36.96,32.4,69.36,16.06,20.1,36.16,,,,
NP-1,Nov 2018 - Jan 2019,4,1,CSD,,,92.2,1,30.91,10.48,21.61,0.81,4.72,,,,,,1.92,2.06,2.68,0.54,1.92,,,,,,32.30,0.77,46.11,7.89,2.37,,,,,,,,,,,,,,,,,,22,12,34,3.12,1.61,2.25,28.28,19.86,48.14,9.06,12.3,21.36,,,,
NP-1,Nov 2018 - Jan 2019,5,1,CSD,,,58,3,33.96,9.96,23.77,0.91,3.08,,,,,,1.36,1.27,3.57,0.84,0.81,,,,,,18.89,0.66,64.50,5.08,2.78,,,,,,,,,,,,,,,,,,25,30,55,5.59,6.87,6.15,47.33,44.74,92.07,8.47,6.51,14.98,,,,
NP-1,Nov 2018 - Jan 2019,15,2,CSD,,,68.2,5,39.05,6.94,12.69,1.71,6.00,,,,,,1.54,3.48,1.75,0.27,0.28,,,,,,40.41,2.81,37.12,9.29,0.97,,,,,,,,,,,,,,,,,,13,20,33,0.95,1.40,1.20,24.37,45.34,69.71,25.73,32.39,58.12,,,,
NP-1,Nov 2018 - Jan 2019,16,2,CSD,,,60.8,4,34.51,7.16,16.06,1.68,6.17,,,,,,3.29,1.99,2.41,0.49,0.99,,,,,,44.38,0.41,37.04,9.05,1.10,,,,,,,,,,,,,,,,,,17,13,30,1.89,1.77,1.83,31.03,34.24,65.27,16.44,19.3,35.74,,,,
NP-1,Nov 2018 - Jan 2019,17,2,CSD,,,64.7,1,29.55,8.21,23.35,2.47,4.80,,,,,,3.19,0.80,1.43,0.22,0.45,,,,,,50.45,0.15,34.69,7.20,1.02,,,,,,,,,,,,,,,,,,24,18,42,3.63,2.98,3.24,50.88,61.03,111.91,14.03,20.51,34.54,,,,
NP-13,Sept - Oct 2019,2,1,CSD,,13.43,81,1,25.3,6.0,17.1,4.9,7.0,4531,1079,3063,878,1094,1.9,1.7,4.7,0.9,0.9,309,261,822,132,158,18.6,1.2,64.7,8.0,0.6,69,5,239,30,2,17,15,32,12.11,19.67,15.89,8.55,7.01,15.56,1,,,24,18,42,9.62,2.08,4.00,101.66,64.52,166.18,10.57,30.96,41.53,0,0.80,0.80,0.00
NP-13,Sept - Oct 2019,4,1,CSD,,13.43,59.7,2,24.2,5.7,11.3,6.4,8.2,3353,787,1560,886,1089,2.9,1.9,2.4,0.8,0.3,351,238,309,94,42,45.9,1.3,42.2,5.9,0.3,211,6,194,27,1,22,13,35,20.44,24.09,22.27,8.01,5.56,13.58,2,,,27,16,43,2.58,1.96,2.18,56.89,76.18,133.07,22.04,38.92,60.96,0,0.00,1.24,0.00
NP-13,Sept - Oct 2019,6,1,CSD,,13.43,65.6,4,14.2,4.1,22.5,4.5,7.4,3761,1093,5937,1197,1809,3.4,3.5,4.5,0.8,0.5,780,891,1112,187,137,56.1,3.7,30.4,5.1,0.3,168,11,91,15,1,10,12,22,8.85,9.45,9.15,8.26,9.27,17.52,0,,,21,21,42,1.81,2.13,1.96,67.24,70.11,137.35,37.25,32.87,70.12,0,0.89,0.89,0.00
NP-13,Sept - Oct 2019,8,1,CSD,,13.43,69.7,3,24.2,7.7,16.6,5.5,5.2,4855,1552,3334,1103,975,2.7,2.8,2.9,1.1,0.4,455,512,552,180,76,45.8,1.9,42.3,4.0,0.3,163,7,151,14,1,24,15,39,20.71,10.29,15.50,9.15,7.24,16.39,0,,,21,22,43,4.75,7.04,5.82,66.19,86.76,152.95,13.94,12.33,26.27,0,0.12,0.00,0.00
NP-3,Jan - Feb 2019,1,1,CSD,,,103,3,37.76,7.28,22.09,2.05,3.61,,,,,,0.20,0.18,2.21,0.10,0.11,,,,,,,,,,,,,,,,,,,,,,,,,,58.34,38,22,20,42,2.33,9.81,6.01,30,122.57,152.57,12.87,12.5,25.37,,,,
NP-3,Jan - Feb 2019,3,1,CSD,,,164,10,38.77,13.01,12.54,2.25,2.61,,,,,,1.58,0.32,1.30,0.25,1.22,,,,,,29.36,0.46,43.02,13.50,0.84,,,,,,,,,,,,,,,,43.56,30,11,13,24,1.27,1.07,1.15,23.49,28.91,52.4,18.51,27.04,45.55,,,,
NP-3,Jan - Feb 2019,5,1,CSD,,,108,8,50.59,9.09,11.13,2.62,4.28,,,,,,0.17,0.05,0.96,0.10,0.10,,,,,,15.61,0.53,43.64,27.69,0.96,,,,,,,,,,,,,,,,53.05,40,29,18,47,5.20,1.65,3.04,80.88,39.7,120.58,15.54,24.1,39.64,,,,
NP-3,Jan - Feb 2019,6,1,CSD,,,83,1,45.12,8.39,20.74,3.02,2.12,,,,,,0.13,0.03,1.00,0.14,0.10,,,,,,20.26,0.36,43.51,22.88,0.84,,,,,,,,,,,,,,,,55.85,47,26,24,50,2.86,3.42,3.09,83.33,70.06,153.39,29.12,20.51,49.63,,,,
NP-3,Nov - Dec 2019,8,3,CSD,,,89,8,28.50,10.40,13.20,6.30,6.00,,,,,,2.39,1.04,1.32,0.77,1.34,,,,,,72.50,0.46,13.90,7.95,0.09,,,,,,,,,,,,,,,,55.43,34,,,,,,,,,,,,,,,,
NP-3,Nov - Dec 2019,10,3,CSD,,,82,1,23.00,10.20,18.30,7.09,7.63,,,,,,2.21,1.47,1.66,0.77,0.97,,,,,,63.90,0.62,19.90,9.38,0.12,,,,,,,,,,,,,,,,49.93,32,,,,,,,,,,,,,,,,
NP-3,Nov - Dec 2019,12,4,CSD,,,78,4,28.50,9.01,12.70,0.29,7.61,,,,,,1.53,0.96,2.26,0.06,1.21,,,,,,50.10,1.87,26.60,0.01,0.17,,,,,,,,,,,,,,,,45.53,44,,,,,,,,,,,,,,,,
NP-4,Feb - Mar 2019,3,1,CSD,Vehicle,,82,5,26.88,8.11,21.60,2.89,5.63,,,,,,0.35,0.52,1.55,0.15,0.56,,,,,,42.37,0.52,39.32,6.92,1.23,,,,,,23,13,36,23.32,21.31,22.32,7.76,7.85,15.61,,41.48,43,19,16,35,3.11,2.19,2.57,39.61,40,79.61,12.73,18.23,30.96,0,,,
NP-4,Feb - Mar 2019,7,1,CSD,Vehicle,,73,1,22.95,5.23,22.83,3.90,3.91,,,,,,2.24,1.61,5.73,0.54,1.08,,,,,,17.82,0.46,62.10,10.32,1.60,,,,,,21,25,46,12.61,17.24,14.93,5.80,4.62,10.41,,23.37,32,21,11,32,2.07,0.66,1.10,39.44,28.13,67.57,19.07,42.6,61.67,0,,,
NP-4,Feb - Mar 2019,10,3,CSD,Vehicle,,107,5,32.37,4.79,16.94,6.29,5.78,,,,,,1.85,2.55,2.58,0.47,0.85,,,,,,64.89,2.71,21.35,3.25,0.48,33,1,11,2,0,34,29,63,38.37,22.12,30.25,7.30,8.06,15.36,,47.01,45,21,14,35,1.20,0.69,0.98,39.53,18.13,57.66,32.97,26.1,59.07,,,,
NP-4,Feb - Mar 2019,14,3,CSD,Vehicle,,90,4,32.45,6.39,19.90,3.62,4.44,,,,,,1.04,0.29,2.45,0.41,1.66,,,,,,39.83,0.31,52.29,3.93,1.01,61,0,79,6,2,17,20,37,9.57,12.83,11.20,5.96,5.69,11.65,,35.44,36,19,9,28,2.12,0.64,1.29,40.69,16.1,56.79,19.15,25.04,44.19,,,,
NP-4,Nov - Dec 2019,19,4,CSD,Vehicle,,78,10,25.64,8.50,23.22,4.34,5.24,,,,,,1.16,2.89,4.12,0.28,0.91,,,,,,42.57,0.99,43.35,4.37,0.38,,,,,,,,,,,,,,,,,,19,14,33,1.06,2.03,1.52,43.27,74.24,117.51,40.82,36.58,77.4,,,,
NP-4,Nov - Dec 2019,21,4,CSD,Vehicle,,87,3,28.67,7.60,32.15,2.43,3.70,,,,,,0.64,1.57,3.43,0.12,0.36,,,,,,43.40,3.45,37.24,7.89,0.37,,,,,,,,,,,,,,,,,,23,13,36,2.48,2.12,2.30,91.25,75.37,166.62,36.81,35.63,72.44,,,,
NP-4,Nov - Dec 2019,27,5,CSD,Vehicle,,81,10,25.14,7.17,13.13,5.39,9.83,,,,,,0.26,3.81,1.65,0.15,0.32,,,,,,51.74,4.91,30.53,7.76,0.90,,,,,,,,,,,,,,,,,,28,27,55,1.21,1.63,1.44,48.26,74.93,123.19,39.97,45.84,85.81,,,,
NP-4,Nov - Dec 2019,29,5,CSD,Vehicle,,83,7,28.73,8.17,18.42,4.20,5.91,,,,,,0.36,1.12,3.48,0.12,0.25,,,,,,43.31,2.55,40.88,7.08,0.82,,,,,,,,,,,,,,,,,,7,0,7,0.29,0.00,0.09,38.61,0,38.61,132.92,300,432.92,,,,
NP-4,Nov - Dec 2019,35,6,CSD,Vehicle,,75,1,14.40,5.18,19.04,8.73,12.04,,,,,,0.52,1.59,1.88,0.28,0.60,,,,,,52.01,1.55,22.29,4.95,1.55,,,,,,,,,,,,,,,,,,17,11,28,1.07,1.99,1.45,43.19,57.15,100.34,40.34,28.7,69.04,,,,
NP-4,Nov - Dec 2019,40,7,CSD,Vehicle,,94,3,18.22,3.43,21.42,4.47,8.70,,,,,,0.70,3.18,2.87,0.25,1.24,,,,,,25.93,9.03,48.47,7.24,0.70,,,,,,,,,,,,,,,,,,30,25,55,2.90,1.50,2.04,94.69,78,172.69,32.65,51.95,84.6,,,,
NP-4,Nov - Dec 2019,44,8,CSD,Vehicle,,146,3,26.95,8.35,28.95,2.75,5.70,,,,,,0.03,0.29,2.42,0.05,0.37,,,,,,25.40,1.34,58.30,4.68,1.45,52,3,119,10,3,,,,,,,,,,,,,,25,,,2.09,,,83.92,,,40.14,,,,,
NP-5,Mar-19,2,4,CSD,,12.86,97,,14.87,4.58,9.78,1.49,4.33,,,,,,1.15,2.74,2.67,0.28,0.55,,,,,,33.58,0.75,34.55,3.01,0.84,,,,,,,,,,,,,,,,,,15,19,34,0.30,0.64,0.48,32.74,77.45,110.19,108.57,121.61,230.18,,,,
NP-5,Mar-19,3,4,CSD,,12.86,91,,23.31,8.70,14.69,0.92,2.32,,,,,,1.21,0.96,2.21,0.20,0.17,,,,,,49.96,0.70,24.36,1.82,0.46,,,,,,,,,,,,,,,,,,24,19,43,1.28,1.04,1.17,60.88,46.21,107.09,47.4,44.34,91.74,,,,
NP-8,Sep-19,2,1,CSD,IgG,13.29,81.1,6,34.27,6.07,26.28,2.94,7.34,,,,,,4.10,3.69,2.94,0.47,2.01,,,,,,64.56,0.98,23.58,4.74,0.28,,,,,,8,5,13,4.08,3.47,3.78,7.38,6.64,14.02,3,,,23,11,34,4.08,1.26,2.36,71.29,34.63,105.92,17.46,27.49,44.95,0,0,0,0
NP-8,Sep-19,6,1,CSD,IgG,13.29,80.2,1,27.22,7.19,25.77,3.90,7.59,,,,,,1.77,0.95,4.84,0.39,0.40,,,,,,7.57,0.24,73.99,8.14,2.86,,,,,,7,6,13,12.97,4.21,8.59,4.52,5.10,9.62,7,,,21,15,36,4.24,1.56,2.42,72.37,57.13,129.50,17.06,36.53,53.59,0,0,0,0
NP10,Mar-20,2,1,CSD,,12.3,74.1,3,28.13,7.64,,,,,,,,,1.02,2.33,,,,,,,,,68.2,2.67,,,,,,,,,10,13,23,5.44,10.12,7.78,10.29,7.34,17.62,0,,,,,,,,,,,,,,,0,0.00,0.00,0
NP10,Mar-20,3,1,CSD,,12.3,44.2,9,36.98,12.7,,,,,,,,,1.42,0.3,,,,,,,,,78.7,0.24,,,,,,,,,17,13,30,8.70,12.91,10.81,9.72,6.95,16.67,4,,,,,,,,,,,,,,,0,0.00,0.00,0
NP10,Mar-20,6,2,CSD,,12.4,88.7,6,21.42,8.68,,,,,,,,,0.43,0.73,,,,,,,,,58.7,1.38,,,,,,,,,8,9,17,1.67,4.85,3.26,10.63,8.74,19.38,4,,,,,,,,,,,,,,,0,0.00,0.00,0
NP10,Mar-20,7,2,CSD,,12.4,82.6,5,9.16,3.27,,,,,,,,,0.84,1.24,,,,,,,,,56.1,4.89,,,,,,,,,4,8,12,2.08,4.36,3.22,8.13,6.49,14.62,2,,,,,,,,,,,,,,,0,0.00,0.00,0
NP10,Mar-20,10,3,CSD,,12.9,77.1,1,15.35,6.97,,,,,,,,,0.56,0.24,,,,,,,,,52.5,0.35,,,,,,,,,10,11,21,5.47,3.33,4.40,7.78,7.95,15.72,0,,,,,,,,,,,,,,,0,0.00,0.00,0
NP10,Mar-20,11,3,CSD,,12.9,98.3,3,23.98,11.2,,,,,,,,,0.88,0.24,,,,,,,,,67,0.66,,,,,,,,,6,12,18,6.60,7.51,7.06,7.01,6.91,13.92,3,,,,,,,,,,,,,,,0,0.69,0.00,0
NP10,Mar-20,12,3,CSD,,12.9,114.4,9,31.67,12.6,,,,,,,,,0.34,0.073,,,,,,,,,36.8,0.47,,,,,,,,,14,12,26,11.00,10.44,10.72,11.69,5.74,17.44,0,,,,,,,,,,,,,,,0,0.04,0.00,0
NP10,Mar-20,15,4,CSD,,13,87.6,7,28.88,11.1,,,,,,,,,1.01,0.52,,,,,,,,,28,0.55,,,,,,,,,,,,,,,,,,,,,,,,,,,,,,,,,0,0.73,0.73,0
NP10,Mar-20,16,4,CSD,,13,153.4,5,27.53,9.19,,,,,,,,,1.5,1.38,,,,,,,,,48.7,13.3,,,,,,,,,,,,,,,,,,,,,,,,,,,,,,,,,0,0.00,0.00,0